ROWNUM,project_id,+PRIVILEGES,object_id,processingType,OBJECT_ID$
1,402693,4,D754A288663F506AE043C616A9C3651C,"Incoherent Stokes","IncoherentStokes"
2,402693,4,D754A2886644506AE043C616A9C3651C,"Incoherent Stokes","IncoherentStokes"
3,402877,4,E00F9C723334410EE043C616A9C3AE88,"Incoherent Stokes","IncoherentStokes"
4,402859,4,E224B659BB493929E043C616A9C33BA1,"Incoherent Stokes","IncoherentStokes"
5,402859,4,E224B659BB4D3929E043C616A9C33BA1,"Incoherent Stokes","IncoherentStokes"
6,402859,4,E224B659BB513929E043C616A9C33BA1,"Incoherent Stokes","IncoherentStokes"
7,402859,4,E1E1BAA952C15D30E043C616A9C365EF,"Incoherent Stokes","IncoherentStokes"
8,402859,4,E1E1BAA952C55D30E043C616A9C365EF,"Incoherent Stokes","IncoherentStokes"
9,402859,4,E1E1BAA952C95D30E043C616A9C365EF,"Incoherent Stokes","IncoherentStokes"
10,402693,4,EB2E77D9E4394BFCE043C016A9C321DB,"Incoherent Stokes","IncoherentStokes"
11,402693,4,EB2E77D9E43E4BFCE043C016A9C321DB,"Incoherent Stokes","IncoherentStokes"
12,402693,4,EB2F1E620F9A2E41E043C416A9C3D44C,"Incoherent Stokes","IncoherentStokes"
13,402693,4,EB2F1E620F9F2E41E043C416A9C3D44C,"Incoherent Stokes","IncoherentStokes"
14,402693,4,EB2F3E1EE9387182E043C016A9C3F607,"Incoherent Stokes","IncoherentStokes"
15,402693,4,EB2F3E1EE93D7182E043C016A9C3F607,"Incoherent Stokes","IncoherentStokes"
16,402693,4,EB2FCCE0FA1D0C5EE043C016A9C3D924,"Incoherent Stokes","IncoherentStokes"
17,402693,4,EB2FCCE0FA210C5EE043C016A9C3D924,"Incoherent Stokes","IncoherentStokes"
18,402693,4,EB30624FFD9D26FAE043C016A9C335DF,"Incoherent Stokes","IncoherentStokes"
19,402693,4,EB30624FFDA126FAE043C016A9C335DF,"Incoherent Stokes","IncoherentStokes"
20,402693,4,EB313723C27B4876E043C416A9C341A1,"Incoherent Stokes","IncoherentStokes"
21,402693,4,EB313723C27F4876E043C416A9C341A1,"Incoherent Stokes","IncoherentStokes"
22,402871,4,EB4FF55F09C55B2DE043C016A9C3CDBF,"Incoherent Stokes","IncoherentStokes"
23,402871,4,EB4FF55F09C95B2DE043C016A9C3CDBF,"Incoherent Stokes","IncoherentStokes"
24,402871,4,EB504880C6364CDBE043C416A9C3108B,"Incoherent Stokes","IncoherentStokes"
25,402871,4,EB504880C63A4CDBE043C416A9C3108B,"Incoherent Stokes","IncoherentStokes"
